Feature,Coefficient,Odds_Ratio,Abs_Coef
IsHardQ,-0.7228817513228706,0.4853515761771848,0.7228817513228706
NonNative_x_HardQ,-0.5870099006823835,0.5559872588773273,0.5870099006823835
ConfidenceNorm,0.16759794282374946,1.1824610980924737,0.16759794282374946
ClickCount,0.1518122585190648,1.1639416957804933,0.1518122585190648
HighEdu_x_HardQ,-0.09224598076172742,0.9118808168175285,0.09224598076172742
IsHighEdu,-0.07659274902107695,0.9262669999471472,0.07659274902107695
IsNonNative,0.07544351155512367,1.078362310987561,0.07544351155512367
IsOlder35,-0.052012851752833746,0.9493166663813338,0.052012851752833746
IsSTEM,0.005985144929283546,1.0060030916959972,0.005985144929283546
