Version,NN_N,NN_Acc,Nat_N,Nat_Acc,Disparity,Fisher_OR,Fisher_P,Direction_Consistent,Sign_Test_P
1,12,0.3333,43,0.5116,-0.1783,2.0952,0.338661,True,0.0625
2,6,0.1667,18,0.4444,-0.2778,4.0,0.350947,True,0.0625
3,6,0.1667,22,0.4545,-0.2879,4.1667,0.354727,True,0.0625
4,4,0.25,21,0.5238,-0.2738,3.3,0.593043,True,0.0625
COMBINED,28,0.25,104,0.4904,-0.2404,,0.496499,True,0.0625
